Workbook

Sheet CTest1
A1: Amps (A) | B1: Water Level (mL) | C1: Volts (V) | D1: WattHours (WH) | E1: Temp (C) | F1: Relative Humidity (%) | G1: Cumulative WattHours (WH) | H1: Time (s)
A2: 7.64 | B2: 1 | C2: 24 | D2: 0.51 | E2: 21.81 | F2: 100 | G2: 0.51 | H2: 10
A3: 7.67 | B3: 1 | C3: 24.1 | D3: 0.51 | E3: 22.04 | F3: 100 | G3: 1.02 | H3: 20
A4: 7.65 | B4: 1 | C4: 24 | D4: 0.51 | E4: 22.09 | F4: 100 | G4: 1.53 | H4: 30
A5: 7.72 | B5: 1 | C5: 24.1 | D5: 0.52 | E5: 22.1 | F5: 100 | G5: 2.05 | H5: 40
A6: 7.64 | B6: 1 | C6: 24.1 | D6: 0.51 | E6: 22.14 | F6: 100 | G6: 2.56 | H6: 50
A7: 7.74 | B7: 1 | C7: 23.9 | D7: 0.51 | E7: 22.16 | F7: 100 | G7: 3.08 | H7: 60
A8: 7.65 | B8: 1 | C8: 24.1 | D8: 0.51 | E8: 22.23 | F8: 100 | G8: 3.59 | H8: 70
A9: 7.76 | B9: 1 | C9: 24.1 | D9: 0.52 | E9: 22.26 | F9: 100 | G9: 4.11 | H9: 80
A10: 7.65 | B10: 1 | C10: 24.1 | D10: 0.51 | E10: 22.26 | F10: 100 | G10: 4.62 | H10: 90
A11: 7.65 | B11: 1 | C11: 23.9 | D11: 0.51 | E11: 22.33 | F11: 100 | G11: 5.13 | H11: 100
A12: 7.77 | B12: 2 | C12: 24 | D12: 0.52 | E12: 22.33 | F12: 100 | G12: 5.64 | H12: 110
A13: 7.71 | B13: 2 | C13: 24.1 | D13: 0.52 | E13: 22.37 | F13: 100 | G13: 6.16 | H13: 120
... A181: 7.74 | B181: 16 | C181: 24.1 | D181: 0.52 | E181: 32.38 | F181: 100 | G181: 92.35 | H181: 1800

Sheet CTest2
A1: Amps (A) | B1: Water Level (mL) | C1: Volts (V) | D1: WattHours (WH) | E1: Temp (C) | F1: Relative Humidity (%) | G1: Cumulative WattHours (WH) | H1: Time (s)
A2: 7.76 | B2: 0 | C2: 23.9 | D2: 0.52 | E2: 21.7 | F2: 100 | G2: 0.52 | H2: 10
A3: 7.74 | B3: 0 | C3: 24 | D3: 0.52 | E3: 21.98 | F3: 100 | G3: 1.03 | H3: 20
A4: 7.72 | B4: 1 | C4: 23.9 | D4: 0.51 | E4: 22.01 | F4: 100 | G4: 1.54 | H4: 30
A5: 7.68 | B5: 1 | C5: 24 | D5: 0.51 | E5: 22.02 | F5: 100 | G5: 2.06 | H5: 40
A6: 7.77 | B6: 1 | C6: 24 | D6: 0.52 | E6: 22.04 | F6: 100 | G6: 2.57 | H6: 50
A7: 7.68 | B7: 1 | C7: 23.9 | D7: 0.51 | E7: 22.07 | F7: 100 | G7: 3.08 | H7: 60
A8: 7.71 | B8: 1 | C8: 24.1 | D8: 0.52 | E8: 22.12 | F8: 100 | G8: 3.6 | H8: 70
A9: 7.69 | B9: 1 | C9: 24 | D9: 0.51 | E9: 22.13 | F9: 100 | G9: 4.11 | H9: 80
A10: 7.74 | B10: 1 | C10: 24 | D10: 0.52 | E10: 22.18 | F10: 100 | G10: 4.63 | H10: 90
A11: 7.67 | B11: 1 | C11: 24 | D11: 0.51 | E11: 22.29 | F11: 100 | G11: 5.14 | H11: 100
A12: 7.67 | B12: 1 | C12: 23.9 | D12: 0.51 | E12: 22.35 | F12: 100 | G12: 5.65 | H12: 110
A13: 7.67 | B13: 1 | C13: 24.1 | D13: 0.51 | E13: 22.35 | F13: 100 | G13: 6.16 | H13: 120
... A181: 7.7 | B181: 15 | C181: 23.9 | D181: 0.51 | E181: 32.26 | F181: 100 | G181: 92.71 | H181: 1800

Sheet CTest3
A1: Amps (A) | B1: Water Level (mL) | C1: Volts (V) | D1: WattHours (WH) | E1: Temp (C) | F1: Relative Humidity (%) | G1: Cumulative WattHours (WH) | H1: Time (s)
A2: 7.76 | B2: 0 | C2: 24 | D2: 0.52 | E2: 21.79 | F2: 100 | G2: 0.52 | H2: 10
A3: 7.69 | B3: 1 | C3: 24.1 | D3: 0.52 | E3: 21.83 | F3: 100 | G3: 1.03 | H3: 20
A4: 7.75 | B4: 1 | C4: 24.1 | D4: 0.52 | E4: 21.84 | F4: 100 | G4: 1.55 | H4: 30
A5: 7.7 | B5: 1 | C5: 24 | D5: 0.51 | E5: 21.91 | F5: 100 | G5: 2.06 | H5: 40
A6: 7.73 | B6: 1 | C6: 23.9 | D6: 0.51 | E6: 21.94 | F6: 100 | G6: 2.58 | H6: 50
A7: 7.68 | B7: 1 | C7: 23.9 | D7: 0.51 | E7: 21.95 | F7: 100 | G7: 3.09 | H7: 60
A8: 7.72 | B8: 1 | C8: 23.9 | D8: 0.51 | E8: 21.99 | F8: 100 | G8: 3.6 | H8: 70
A9: 7.73 | B9: 1 | C9: 24.1 | D9: 0.52 | E9: 22.11 | F9: 100 | G9: 4.12 | H9: 80
A10: 7.67 | B10: 1 | C10: 24.1 | D10: 0.51 | E10: 22.19 | F10: 100 | G10: 4.63 | H10: 90
A11: 7.71 | B11: 2 | C11: 24 | D11: 0.51 | E11: 22.21 | F11: 100 | G11: 5.15 | H11: 100
A12: 7.67 | B12: 2 | C12: 24 | D12: 0.51 | E12: 22.32 | F12: 100 | G12: 5.66 | H12: 110
A13: 7.71 | B13: 2 | C13: 23.8 | D13: 0.51 | E13: 22.38 | F13: 100 | G13: 6.17 | H13: 120
... A181: 7.71 | B181: 16 | C181: 24 | D181: 0.51 | E181: 32.13 | F181: 100 | G181: 92.61 | H181: 1800

Sheet Average
A1: Amps (A) | B1: Water Level (mL) | C1: Volts (V) | D1: WattHours (WH) | E1: Temp (C) | F1: Relative Humidity (%) | G1: Cumulative WattHours (WH) | H1: Time (s)
A2: =(CTest1!A2+CTest2!A2+CTest3!A2)/3 -> 7.72 | B2: =(CTest1!B2+CTest2!B2+CTest3!B2)/3 -> 0.33333333 | C2: =(CTest1!C2+CTest2!C2+CTest3!C2)/3 -> 23.966667 | D2: =(CTest1!D2+CTest2!D2+CTest3!D2)/3 -> 0.51666667 | E2: =(CTest1!E2+CTest2!E2+CTest3!E2)/3 -> 21.766667 | F2: =(CTest1!F2+CTest2!F2+CTest3!F2)/3 -> 100 | G2: =(CTest1!G2+CTest2!G2+CTest3!G2)/3 -> 0.51666667 | H2: =(CTest1!H2+CTest2!H2+CTest3!H2)/3 -> 10
A3: =(CTest1!A3+CTest2!A3+CTest3!A3)/3 -> 7.7 | B3: =(CTest1!B3+CTest2!B3+CTest3!B3)/3 -> 0.66666667 | C3: =(CTest1!C3+CTest2!C3+CTest3!C3)/3 -> 24.066667 | D3: =(CTest1!D3+CTest2!D3+CTest3!D3)/3 -> 0.51666667 | E3: =(CTest1!E3+CTest2!E3+CTest3!E3)/3 -> 21.95 | F3: =(CTest1!F3+CTest2!F3+CTest3!F3)/3 -> 100 | G3: =(CTest1!G3+CTest2!G3+CTest3!G3)/3 -> 1.0266667 | H3: =(CTest1!H3+CTest2!H3+CTest3!H3)/3 -> 20
A4: =(CTest1!A4+CTest2!A4+CTest3!A4)/3 -> 7.7066667 | B4: =(CTest1!B4+CTest2!B4+CTest3!B4)/3 -> 1 | C4: =(CTest1!C4+CTest2!C4+CTest3!C4)/3 -> 24 | D4: =(CTest1!D4+CTest2!D4+CTest3!D4)/3 -> 0.51333333 | E4: =(CTest1!E4+CTest2!E4+CTest3!E4)/3 -> 21.98 | F4: =(CTest1!F4+CTest2!F4+CTest3!F4)/3 -> 100 | G4: =(CTest1!G4+CTest2!G4+CTest3!G4)/3 -> 1.54 | H4: =(CTest1!H4+CTest2!H4+CTest3!H4)/3 -> 30
A5: =(CTest1!A5+CTest2!A5+CTest3!A5)/3 -> 7.7 | B5: =(CTest1!B5+CTest2!B5+CTest3!B5)/3 -> 1 | C5: =(CTest1!C5+CTest2!C5+CTest3!C5)/3 -> 24.033333 | D5: =(CTest1!D5+CTest2!D5+CTest3!D5)/3 -> 0.51333333 | E5: =(CTest1!E5+CTest2!E5+CTest3!E5)/3 -> 22.01 | F5: =(CTest1!F5+CTest2!F5+CTest3!F5)/3 -> 100 | G5: =(CTest1!G5+CTest2!G5+CTest3!G5)/3 -> 2.0566667 | H5: =(CTest1!H5+CTest2!H5+CTest3!H5)/3 -> 40
A6: =(CTest1!A6+CTest2!A6+CTest3!A6)/3 -> 7.7133333 | B6: =(CTest1!B6+CTest2!B6+CTest3!B6)/3 -> 1 | C6: =(CTest1!C6+CTest2!C6+CTest3!C6)/3 -> 24 | D6: =(CTest1!D6+CTest2!D6+CTest3!D6)/3 -> 0.51333333 | E6: =(CTest1!E6+CTest2!E6+CTest3!E6)/3 -> 22.04 | F6: =(CTest1!F6+CTest2!F6+CTest3!F6)/3 -> 100 | G6: =(CTest1!G6+CTest2!G6+CTest3!G6)/3 -> 2.57 | H6: =(CTest1!H6+CTest2!H6+CTest3!H6)/3 -> 50
A7: =(CTest1!A7+CTest2!A7+CTest3!A7)/3 -> 7.7 | B7: =(CTest1!B7+CTest2!B7+CTest3!B7)/3 -> 1 | C7: =(CTest1!C7+CTest2!C7+CTest3!C7)/3 -> 23.9 | D7: =(CTest1!D7+CTest2!D7+CTest3!D7)/3 -> 0.51 | E7: =(CTest1!E7+CTest2!E7+CTest3!E7)/3 -> 22.06 | F7: =(CTest1!F7+CTest2!F7+CTest3!F7)/3 -> 100 | G7: =(CTest1!G7+CTest2!G7+CTest3!G7)/3 -> 3.0833333 | H7: =(CTest1!H7+CTest2!H7+CTest3!H7)/3 -> 60
A8: =(CTest1!A8+CTest2!A8+CTest3!A8)/3 -> 7.6933333 | B8: =(CTest1!B8+CTest2!B8+CTest3!B8)/3 -> 1 | C8: =(CTest1!C8+CTest2!C8+CTest3!C8)/3 -> 24.033333 | D8: =(CTest1!D8+CTest2!D8+CTest3!D8)/3 -> 0.51333333 | E8: =(CTest1!E8+CTest2!E8+CTest3!E8)/3 -> 22.113333 | F8: =(CTest1!F8+CTest2!F8+CTest3!F8)/3 -> 100 | G8: =(CTest1!G8+CTest2!G8+CTest3!G8)/3 -> 3.5966667 | H8: =(CTest1!H8+CTest2!H8+CTest3!H8)/3 -> 70
A9: =(CTest1!A9+CTest2!A9+CTest3!A9)/3 -> 7.7266667 | B9: =(CTest1!B9+CTest2!B9+CTest3!B9)/3 -> 1 | C9: =(CTest1!C9+CTest2!C9+CTest3!C9)/3 -> 24.066667 | D9: =(CTest1!D9+CTest2!D9+CTest3!D9)/3 -> 0.51666667 | E9: =(CTest1!E9+CTest2!E9+CTest3!E9)/3 -> 22.166667 | F9: =(CTest1!F9+CTest2!F9+CTest3!F9)/3 -> 100 | G9: =(CTest1!G9+CTest2!G9+CTest3!G9)/3 -> 4.1133333 | H9: =(CTest1!H9+CTest2!H9+CTest3!H9)/3 -> 80
A10: =(CTest1!A10+CTest2!A10+CTest3!A10)/3 -> 7.6866667 | B10: =(CTest1!B10+CTest2!B10+CTest3!B10)/3 -> 1 | C10: =(CTest1!C10+CTest2!C10+CTest3!C10)/3 -> 24.066667 | D10: =(CTest1!D10+CTest2!D10+CTest3!D10)/3 -> 0.51333333 | E10: =(CTest1!E10+CTest2!E10+CTest3!E10)/3 -> 22.21 | F10: =(CTest1!F10+CTest2!F10+CTest3!F10)/3 -> 100 | G10: =(CTest1!G10+CTest2!G10+CTest3!G10)/3 -> 4.6266667 | H10: =(CTest1!H10+CTest2!H10+CTest3!H10)/3 -> 90
A11: =(CTest1!A11+CTest2!A11+CTest3!A11)/3 -> 7.6766667 | B11: =(CTest1!B11+CTest2!B11+CTest3!B11)/3 -> 1.3333333 | C11: =(CTest1!C11+CTest2!C11+CTest3!C11)/3 -> 23.966667 | D11: =(CTest1!D11+CTest2!D11+CTest3!D11)/3 -> 0.51 | E11: =(CTest1!E11+CTest2!E11+CTest3!E11)/3 -> 22.276667 | F11: =(CTest1!F11+CTest2!F11+CTest3!F11)/3 -> 100 | G11: =(CTest1!G11+CTest2!G11+CTest3!G11)/3 -> 5.14 | H11: =(CTest1!H11+CTest2!H11+CTest3!H11)/3 -> 100
A12: =(CTest1!A12+CTest2!A12+CTest3!A12)/3 -> 7.7033333 | B12: =(CTest1!B12+CTest2!B12+CTest3!B12)/3 -> 1.6666667 | C12: =(CTest1!C12+CTest2!C12+CTest3!C12)/3 -> 23.966667 | D12: =(CTest1!D12+CTest2!D12+CTest3!D12)/3 -> 0.51333333 | E12: =(CTest1!E12+CTest2!E12+CTest3!E12)/3 -> 22.333333 | F12: =(CTest1!F12+CTest2!F12+CTest3!F12)/3 -> 100 | G12: =(CTest1!G12+CTest2!G12+CTest3!G12)/3 -> 5.65 | H12: =(CTest1!H12+CTest2!H12+CTest3!H12)/3 -> 110
A13: =(CTest1!A13+CTest2!A13+CTest3!A13)/3 -> 7.6966667 | B13: =(CTest1!B13+CTest2!B13+CTest3!B13)/3 -> 1.6666667 | C13: =(CTest1!C13+CTest2!C13+CTest3!C13)/3 -> 24 | D13: =(CTest1!D13+CTest2!D13+CTest3!D13)/3 -> 0.51333333 | E13: =(CTest1!E13+CTest2!E13+CTest3!E13)/3 -> 22.366667 | F13: =(CTest1!F13+CTest2!F13+CTest3!F13)/3 -> 100 | G13: =(CTest1!G13+CTest2!G13+CTest3!G13)/3 -> 6.1633333 | H13: =(CTest1!H13+CTest2!H13+CTest3!H13)/3 -> 120
... A181: =(CTest1!A181+CTest2!A181+CTest3!A181)/3 -> 7.7166667 | B181: =(CTest1!B181+CTest2!B181+CTest3!B181)/3 -> 15.666667 | C181: =(CTest1!C181+CTest2!C181+CTest3!C181)/3 -> 24 | D181: =(CTest1!D181+CTest2!D181+CTest3!D181)/3 -> 0.51333333 | E181: =(CTest1!E181+CTest2!E181+CTest3!E181)/3 -> 32.256667 | F181: =(CTest1!F181+CTest2!F181+CTest3!F181)/3 -> 100 | G181: =(CTest1!G181+CTest2!G181+CTest3!G181)/3 -> 92.556667 | H181: =(CTest1!H181+CTest2!H181+CTest3!H181)/3 -> 1800
