Workbook

Sheet PTest1
A1: Amps (A) | B1: Water Level (mL) | C1: Volts (V) | D1: WattHours (WH) | E1: Temp (C) | F1: Relative Humidity (%) | G1: Cumulative WattHours (WH) | H1: Time (s)
A2: 8.71 | B2: 0 | C2: 23.9 | D2: 0.58 | E2: 23.19 | F2: 100 | G2: 0.58 | H2: 10
A3: 0 | B3: 0 | C3: 23.8 | D3: 0 | E3: 23.74 | F3: 100 | G3: 0.58 | H3: 20
A4: 7.91 | B4: 0 | C4: 23.9 | D4: 0.52 | E4: 23.6 | F4: 100 | G4: 1.1 | H4: 30
A5: 0 | B5: 0 | C5: 24 | D5: 0 | E5: 23.24 | F5: 100 | G5: 1.1 | H5: 40
A6: 8.35 | B6: 0 | C6: 24.1 | D6: 0.56 | E6: 23.8 | F6: 100 | G6: 1.66 | H6: 50
A7: 0 | B7: 0 | C7: 24 | D7: 0 | E7: 23.88 | F7: 100 | G7: 1.66 | H7: 60
A8: 8.13 | B8: 0 | C8: 24.2 | D8: 0.55 | E8: 23.55 | F8: 100 | G8: 2.21 | H8: 70
A9: 0 | B9: 0 | C9: 23.9 | D9: 0 | E9: 23.3 | F9: 100 | G9: 2.21 | H9: 80
A10: 8.51 | B10: 0 | C10: 23.9 | D10: 0.57 | E10: 23.95 | F10: 100 | G10: 2.77 | H10: 90
A11: 0 | B11: 0 | C11: 24 | D11: 0 | E11: 23.38 | F11: 100 | G11: 2.77 | H11: 100
A12: 8.03 | B12: 1 | C12: 24 | D12: 0.54 | E12: 23.6 | F12: 100 | G12: 3.31 | H12: 110
A13: 0 | B13: 1 | C13: 24 | D13: 0 | E13: 23.8 | F13: 100 | G13: 3.31 | H13: 120
... A181: 0 | B181: 11 | C181: 24.2 | D181: 0 | E181: 23.22 | F181: 100 | G181: 50.19 | H181: 1800

Sheet PTest2
A1: Amps (A) | B1: Water Level (mL) | C1: Volts (V) | D1: WattHours (WH) | E1: Temp (C) | F1: Relative Humidity (%) | G1: Cumulative WattHours (WH) | H1: Time (s)
A2: 8.19 | B2: 0 | C2: 24.1 | D2: 0.55 | E2: 23.76 | F2: 100 | G2: 0.55 | H2: 10
A3: 0 | B3: 0 | C3: 23.9 | D3: 0 | E3: 23.62 | F3: 100 | G3: 0.55 | H3: 20
A4: 8.11 | B4: 0 | C4: 24.1 | D4: 0.54 | E4: 23.72 | F4: 100 | G4: 1.09 | H4: 30
A5: 0 | B5: 0 | C5: 24.1 | D5: 0 | E5: 23.66 | F5: 100 | G5: 1.09 | H5: 40
A6: 8.32 | B6: 0 | C6: 24.1 | D6: 0.56 | E6: 23.75 | F6: 100 | G6: 1.65 | H6: 50
A7: 0 | B7: 0 | C7: 23.9 | D7: 0 | E7: 23.7 | F7: 100 | G7: 1.65 | H7: 60
A8: 8.47 | B8: 0 | C8: 24 | D8: 0.56 | E8: 23.23 | F8: 100 | G8: 2.21 | H8: 70
A9: 0 | B9: 0 | C9: 24.1 | D9: 0 | E9: 23.88 | F9: 100 | G9: 2.21 | H9: 80
A10: 8.31 | B10: 0 | C10: 24 | D10: 0.55 | E10: 23.49 | F10: 100 | G10: 2.77 | H10: 90
A11: 0 | B11: 0 | C11: 24.1 | D11: 0 | E11: 23.25 | F11: 100 | G11: 2.77 | H11: 100
A12: 8.6 | B12: 0 | C12: 23.8 | D12: 0.57 | E12: 23.61 | F12: 100 | G12: 3.34 | H12: 110
A13: 0 | B13: 0 | C13: 24 | D13: 0 | E13: 23.74 | F13: 100 | G13: 3.34 | H13: 120
... A181: 0 | B181: 8 | C181: 23.7 | D181: 0 | E181: 23.19 | F181: 100 | G181: 50.14 | H181: 1800

Sheet PTest3
A1: Amps (A) | B1: Water Level (mL) | C1: Volts (V) | D1: WattHours (WH) | E1: Temp (C) | F1: Relative Humidity (%) | G1: Cumulative WattHours (WH) | H1: Time (s)
A2: 8.24 | B2: 1 | C2: 23.8 | D2: 0.54 | E2: 23.42 | F2: 100 | G2: 0.54 | H2: 10
A3: 0 | B3: 1 | C3: 23.9 | D3: 0 | E3: 23.2 | F3: 100 | G3: 0.54 | H3: 20
A4: 8.37 | B4: 1 | C4: 24.2 | D4: 0.56 | E4: 23.74 | F4: 100 | G4: 1.11 | H4: 30
A5: 0 | B5: 1 | C5: 23.8 | D5: 0 | E5: 22.99 | F5: 100 | G5: 1.11 | H5: 40
A6: 8.2 | B6: 1 | C6: 24 | D6: 0.55 | E6: 23.67 | F6: 100 | G6: 1.65 | H6: 50
A7: 0 | B7: 1 | C7: 24 | D7: 0 | E7: 23.57 | F7: 100 | G7: 1.65 | H7: 60
A8: 8.39 | B8: 1 | C8: 24.1 | D8: 0.56 | E8: 23.78 | F8: 100 | G8: 2.22 | H8: 70
A9: 0 | B9: 1 | C9: 24.1 | D9: 0 | E9: 23.92 | F9: 100 | G9: 2.22 | H9: 80
A10: 8.28 | B10: 1 | C10: 24 | D10: 0.55 | E10: 23.85 | F10: 100 | G10: 2.77 | H10: 90
A11: 0 | B11: 1 | C11: 24 | D11: 0 | E11: 23.81 | F11: 100 | G11: 2.77 | H11: 100
A12: 8.19 | B12: 1 | C12: 24.1 | D12: 0.55 | E12: 23.48 | F12: 100 | G12: 3.32 | H12: 110
A13: 0 | B13: 1 | C13: 23.9 | D13: 0 | E13: 23.04 | F13: 100 | G13: 3.32 | H13: 120
... A181: 0 | B181: 8 | C181: 24 | D181: 0 | E181: 23.72 | F181: 100 | G181: 50.07 | H181: 1800

Sheet Average
A1: Amps (A) | B1: Water Level (mL) | C1: Volts (V) | D1: WattHours (WH) | E1: Temp (C) | F1: Relative Humidity (%) | G1: Cumulative WattHours (WH) | H1: Time (s)
A2: =(PTest1!A2+PTest2!A2+PTest3!A2)/3 -> 8.38 | B2: =(PTest1!B2+PTest2!B2+PTest3!B2)/3 -> 0.33333333 | C2: =(PTest1!C2+PTest2!C2+PTest3!C2)/3 -> 23.933333 | D2: =(PTest1!D2+PTest2!D2+PTest3!D2)/3 -> 0.55666667 | E2: =(PTest1!E2+PTest2!E2+PTest3!E2)/3 -> 23.456667 | F2: =(PTest1!F2+PTest2!F2+PTest3!F2)/3 -> 100 | G2: =(PTest1!G2+PTest2!G2+PTest3!G2)/3 -> 0.55666667 | H2: =(PTest1!H2+PTest2!H2+PTest3!H2)/3 -> 10
A3: =(PTest1!A3+PTest2!A3+PTest3!A3)/3 -> 0 | B3: =(PTest1!B3+PTest2!B3+PTest3!B3)/3 -> 0.33333333 | C3: =(PTest1!C3+PTest2!C3+PTest3!C3)/3 -> 23.866667 | D3: =(PTest1!D3+PTest2!D3+PTest3!D3)/3 -> 0 | E3: =(PTest1!E3+PTest2!E3+PTest3!E3)/3 -> 23.52 | F3: =(PTest1!F3+PTest2!F3+PTest3!F3)/3 -> 100 | G3: =(PTest1!G3+PTest2!G3+PTest3!G3)/3 -> 0.55666667 | H3: =(PTest1!H3+PTest2!H3+PTest3!H3)/3 -> 20
A4: =(PTest1!A4+PTest2!A4+PTest3!A4)/3 -> 8.13 | B4: =(PTest1!B4+PTest2!B4+PTest3!B4)/3 -> 0.33333333 | C4: =(PTest1!C4+PTest2!C4+PTest3!C4)/3 -> 24.066667 | D4: =(PTest1!D4+PTest2!D4+PTest3!D4)/3 -> 0.54 | E4: =(PTest1!E4+PTest2!E4+PTest3!E4)/3 -> 23.686667 | F4: =(PTest1!F4+PTest2!F4+PTest3!F4)/3 -> 100 | G4: =(PTest1!G4+PTest2!G4+PTest3!G4)/3 -> 1.1 | H4: =(PTest1!H4+PTest2!H4+PTest3!H4)/3 -> 30
A5: =(PTest1!A5+PTest2!A5+PTest3!A5)/3 -> 0 | B5: =(PTest1!B5+PTest2!B5+PTest3!B5)/3 -> 0.33333333 | C5: =(PTest1!C5+PTest2!C5+PTest3!C5)/3 -> 23.966667 | D5: =(PTest1!D5+PTest2!D5+PTest3!D5)/3 -> 0 | E5: =(PTest1!E5+PTest2!E5+PTest3!E5)/3 -> 23.296667 | F5: =(PTest1!F5+PTest2!F5+PTest3!F5)/3 -> 100 | G5: =(PTest1!G5+PTest2!G5+PTest3!G5)/3 -> 1.1 | H5: =(PTest1!H5+PTest2!H5+PTest3!H5)/3 -> 40
A6: =(PTest1!A6+PTest2!A6+PTest3!A6)/3 -> 8.29 | B6: =(PTest1!B6+PTest2!B6+PTest3!B6)/3 -> 0.33333333 | C6: =(PTest1!C6+PTest2!C6+PTest3!C6)/3 -> 24.066667 | D6: =(PTest1!D6+PTest2!D6+PTest3!D6)/3 -> 0.55666667 | E6: =(PTest1!E6+PTest2!E6+PTest3!E6)/3 -> 23.74 | F6: =(PTest1!F6+PTest2!F6+PTest3!F6)/3 -> 100 | G6: =(PTest1!G6+PTest2!G6+PTest3!G6)/3 -> 1.6533333 | H6: =(PTest1!H6+PTest2!H6+PTest3!H6)/3 -> 50
A7: =(PTest1!A7+PTest2!A7+PTest3!A7)/3 -> 0 | B7: =(PTest1!B7+PTest2!B7+PTest3!B7)/3 -> 0.33333333 | C7: =(PTest1!C7+PTest2!C7+PTest3!C7)/3 -> 23.966667 | D7: =(PTest1!D7+PTest2!D7+PTest3!D7)/3 -> 0 | E7: =(PTest1!E7+PTest2!E7+PTest3!E7)/3 -> 23.716667 | F7: =(PTest1!F7+PTest2!F7+PTest3!F7)/3 -> 100 | G7: =(PTest1!G7+PTest2!G7+PTest3!G7)/3 -> 1.6533333 | H7: =(PTest1!H7+PTest2!H7+PTest3!H7)/3 -> 60
A8: =(PTest1!A8+PTest2!A8+PTest3!A8)/3 -> 8.33 | B8: =(PTest1!B8+PTest2!B8+PTest3!B8)/3 -> 0.33333333 | C8: =(PTest1!C8+PTest2!C8+PTest3!C8)/3 -> 24.1 | D8: =(PTest1!D8+PTest2!D8+PTest3!D8)/3 -> 0.55666667 | E8: =(PTest1!E8+PTest2!E8+PTest3!E8)/3 -> 23.52 | F8: =(PTest1!F8+PTest2!F8+PTest3!F8)/3 -> 100 | G8: =(PTest1!G8+PTest2!G8+PTest3!G8)/3 -> 2.2133333 | H8: =(PTest1!H8+PTest2!H8+PTest3!H8)/3 -> 70
A9: =(PTest1!A9+PTest2!A9+PTest3!A9)/3 -> 0 | B9: =(PTest1!B9+PTest2!B9+PTest3!B9)/3 -> 0.33333333 | C9: =(PTest1!C9+PTest2!C9+PTest3!C9)/3 -> 24.033333 | D9: =(PTest1!D9+PTest2!D9+PTest3!D9)/3 -> 0 | E9: =(PTest1!E9+PTest2!E9+PTest3!E9)/3 -> 23.7 | F9: =(PTest1!F9+PTest2!F9+PTest3!F9)/3 -> 100 | G9: =(PTest1!G9+PTest2!G9+PTest3!G9)/3 -> 2.2133333 | H9: =(PTest1!H9+PTest2!H9+PTest3!H9)/3 -> 80
A10: =(PTest1!A10+PTest2!A10+PTest3!A10)/3 -> 8.3666667 | B10: =(PTest1!B10+PTest2!B10+PTest3!B10)/3 -> 0.33333333 | C10: =(PTest1!C10+PTest2!C10+PTest3!C10)/3 -> 23.966667 | D10: =(PTest1!D10+PTest2!D10+PTest3!D10)/3 -> 0.55666667 | E10: =(PTest1!E10+PTest2!E10+PTest3!E10)/3 -> 23.763333 | F10: =(PTest1!F10+PTest2!F10+PTest3!F10)/3 -> 100 | G10: =(PTest1!G10+PTest2!G10+PTest3!G10)/3 -> 2.77 | H10: =(PTest1!H10+PTest2!H10+PTest3!H10)/3 -> 90
A11: =(PTest1!A11+PTest2!A11+PTest3!A11)/3 -> 0 | B11: =(PTest1!B11+PTest2!B11+PTest3!B11)/3 -> 0.33333333 | C11: =(PTest1!C11+PTest2!C11+PTest3!C11)/3 -> 24.033333 | D11: =(PTest1!D11+PTest2!D11+PTest3!D11)/3 -> 0 | E11: =(PTest1!E11+PTest2!E11+PTest3!E11)/3 -> 23.48 | F11: =(PTest1!F11+PTest2!F11+PTest3!F11)/3 -> 100 | G11: =(PTest1!G11+PTest2!G11+PTest3!G11)/3 -> 2.77 | H11: =(PTest1!H11+PTest2!H11+PTest3!H11)/3 -> 100
A12: =(PTest1!A12+PTest2!A12+PTest3!A12)/3 -> 8.2733333 | B12: =(PTest1!B12+PTest2!B12+PTest3!B12)/3 -> 0.66666667 | C12: =(PTest1!C12+PTest2!C12+PTest3!C12)/3 -> 23.966667 | D12: =(PTest1!D12+PTest2!D12+PTest3!D12)/3 -> 0.55333333 | E12: =(PTest1!E12+PTest2!E12+PTest3!E12)/3 -> 23.563333 | F12: =(PTest1!F12+PTest2!F12+PTest3!F12)/3 -> 100 | G12: =(PTest1!G12+PTest2!G12+PTest3!G12)/3 -> 3.3233333 | H12: =(PTest1!H12+PTest2!H12+PTest3!H12)/3 -> 110
A13: =(PTest1!A13+PTest2!A13+PTest3!A13)/3 -> 0 | B13: =(PTest1!B13+PTest2!B13+PTest3!B13)/3 -> 0.66666667 | C13: =(PTest1!C13+PTest2!C13+PTest3!C13)/3 -> 23.966667 | D13: =(PTest1!D13+PTest2!D13+PTest3!D13)/3 -> 0 | E13: =(PTest1!E13+PTest2!E13+PTest3!E13)/3 -> 23.526667 | F13: =(PTest1!F13+PTest2!F13+PTest3!F13)/3 -> 100 | G13: =(PTest1!G13+PTest2!G13+PTest3!G13)/3 -> 3.3233333 | H13: =(PTest1!H13+PTest2!H13+PTest3!H13)/3 -> 120
... A181: =(PTest1!A181+PTest2!A181+PTest3!A181)/3 -> 0 | B181: =(PTest1!B181+PTest2!B181+PTest3!B181)/3 -> 9 | C181: =(PTest1!C181+PTest2!C181+PTest3!C181)/3 -> 23.966667 | D181: =(PTest1!D181+PTest2!D181+PTest3!D181)/3 -> 0 | E181: =(PTest1!E181+PTest2!E181+PTest3!E181)/3 -> 23.376667 | F181: =(PTest1!F181+PTest2!F181+PTest3!F181)/3 -> 100 | G181: =(PTest1!G181+PTest2!G181+PTest3!G181)/3 -> 50.133333 | H181: =(PTest1!H181+PTest2!H181+PTest3!H181)/3 -> 1800
